<annotation>
	<folder>train</folder>
	<filename>paneer.3.jpg</filename>
	<path>C:\Users\Pankaj\OneDrive\Desktop\BE_Project_code\images\train\paneer.3.jpg</path>
	<source>
		<database>Unknown</database>
	</source>
	<size>
		<width>279</width>
		<height>181</height>
		<depth>3</depth>
	</size>
	<segmented>0</segmented>
	<object>
		<name>paneer</name>
		<pose>Unspecified</pose>
		<truncated>0</truncated>
		<difficult>0</difficult>
		<bndbox>
			<xmin>67</xmin>
			<ymin>83</ymin>
			<xmax>166</xmax>
			<ymax>135</ymax>
		</bndbox>
	</object>
</annotation>
