<annotation>
	<folder>train</folder>
	<filename>paneer.2.jpg</filename>
	<path>C:\Users\Pankaj\OneDrive\Desktop\BE_Project_code\images\train\paneer.2.jpg</path>
	<source>
		<database>Unknown</database>
	</source>
	<size>
		<width>259</width>
		<height>194</height>
		<depth>3</depth>
	</size>
	<segmented>0</segmented>
	<object>
		<name>paneer</name>
		<pose>Unspecified</pose>
		<truncated>0</truncated>
		<difficult>0</difficult>
		<bndbox>
			<xmin>94</xmin>
			<ymin>2</ymin>
			<xmax>166</xmax>
			<ymax>71</ymax>
		</bndbox>
	</object>
</annotation>
