<annotation>
	<folder>train</folder>
	<filename>paneer.1.jpg</filename>
	<path>C:\Users\Pankaj\OneDrive\Desktop\BE_Project_code\images\train\paneer.1.jpg</path>
	<source>
		<database>Unknown</database>
	</source>
	<size>
		<width>275</width>
		<height>183</height>
		<depth>3</depth>
	</size>
	<segmented>0</segmented>
	<object>
		<name>paneer</name>
		<pose>Unspecified</pose>
		<truncated>0</truncated>
		<difficult>0</difficult>
		<bndbox>
			<xmin>24</xmin>
			<ymin>69</ymin>
			<xmax>100</xmax>
			<ymax>155</ymax>
		</bndbox>
	</object>
</annotation>
