<annotation>
	<folder>train</folder>
	<filename>paneer.7.jpg</filename>
	<path>C:\Users\Pankaj\OneDrive\Desktop\BE_Project_code\images\train\paneer.7.jpg</path>
	<source>
		<database>Unknown</database>
	</source>
	<size>
		<width>256</width>
		<height>197</height>
		<depth>3</depth>
	</size>
	<segmented>0</segmented>
	<object>
		<name>paneer</name>
		<pose>Unspecified</pose>
		<truncated>0</truncated>
		<difficult>0</difficult>
		<bndbox>
			<xmin>178</xmin>
			<ymin>64</ymin>
			<xmax>250</xmax>
			<ymax>131</ymax>
		</bndbox>
	</object>
</annotation>
